ERwin Property Ids,1075850516::User Formatted Name  [read only],0::Object Type  [read only],1073742125::Definition,1073742126::Name,1075848986::Value  [read only],1075849083::Default,1075849148::Comments,1075849176::Physical Name,1075850193::Dependent Objects  [read only],1075850212::Constraint Name,1075850516::User Formatted Name  [read only],1075852278::Extended Notes Order  [read only]
"1075839170::608","DF_AWBuildVersion_ModifiedDate",Default Constraint Usage,"","DF_AWBuildVersion_ModifiedDate","getdate()","DF_AWBuildVersion_ModifiedDate","","DF_AWBuildVersion_ModifiedDate","","","DF_AWBuildVersion_ModifiedDate",""
"1075839170::633","DF_ErrorLog_ErrorTime",Default Constraint Usage,"","DF_ErrorLog_ErrorTime","getdate()","DF_ErrorLog_ErrorTime","","DF_ErrorLog_ErrorTime","","","DF_ErrorLog_ErrorTime",""
"1075839170::654","DF_Department_ModifiedDate",Default Constraint Usage,"","DF_Department_ModifiedDate","getdate()","DF_Department_ModifiedDate","","DF_Department_ModifiedDate","","","DF_Department_ModifiedDate",""
"1075839170::686","DF_Employee_SalariedFlag",Default Constraint Usage,"","DF_Employee_SalariedFlag","1","DF_Employee_SalariedFlag","","DF_Employee_SalariedFlag","","","DF_Employee_SalariedFlag",""
"1075839170::690","DF_Employee_VacationHours",Default Constraint Usage,"","DF_Employee_VacationHours","0","DF_Employee_VacationHours","","DF_Employee_VacationHours","","","DF_Employee_VacationHours",""
"1075839170::694","DF_Employee_SickLeaveHours",Default Constraint Usage,"","DF_Employee_SickLeaveHours","0","DF_Employee_SickLeaveHours","","DF_Employee_SickLeaveHours","","","DF_Employee_SickLeaveHours",""
"1075839170::696","DF_Employee_CurrentFlag",Default Constraint Usage,"","DF_Employee_CurrentFlag","1","DF_Employee_CurrentFlag","","DF_Employee_CurrentFlag","","","DF_Employee_CurrentFlag",""
"1075839170::698","DF_Employee_rowguid",Default Constraint Usage,"","DF_Employee_rowguid","newid()","DF_Employee_rowguid","","DF_Employee_rowguid","","","DF_Employee_rowguid",""
"1075839170::700","DF_Employee_ModifiedDate",Default Constraint Usage,"","DF_Employee_ModifiedDate","getdate()","DF_Employee_ModifiedDate","","DF_Employee_ModifiedDate","","","DF_Employee_ModifiedDate",""
"1075839170::728","DF_EmployeeDepartmentHistory_ModifiedDate",Default Constraint Usage,"","DF_EmployeeDepartmentHistory_ModifiedDate","getdate()","DF_EmployeeDepartmentHistory_ModifiedDate","","DF_EmployeeDepartmentHistory_ModifiedDate","","","DF_EmployeeDepartmentHistory_ModifiedDate",""
"1075839170::753","DF_EmployeePayHistory_ModifiedDate",Default Constraint Usage,"","DF_EmployeePayHistory_ModifiedDate","getdate()","DF_EmployeePayHistory_ModifiedDate","","DF_EmployeePayHistory_ModifiedDate","","","DF_EmployeePayHistory_ModifiedDate",""
"1075839170::763","DF_JobCandidate_ModifiedDate",Default Constraint Usage,"","DF_JobCandidate_ModifiedDate","getdate()","DF_JobCandidate_ModifiedDate","","DF_JobCandidate_ModifiedDate","","","DF_JobCandidate_ModifiedDate",""
"1075839170::778","DF_Shift_ModifiedDate",Default Constraint Usage,"","DF_Shift_ModifiedDate","getdate()","DF_Shift_ModifiedDate","","DF_Shift_ModifiedDate","","","DF_Shift_ModifiedDate",""
"1075839170::799","DF_Address_rowguid",Default Constraint Usage,"","DF_Address_rowguid","newid()","DF_Address_rowguid","","DF_Address_rowguid","","","DF_Address_rowguid",""
"1075839170::801","DF_Address_ModifiedDate",Default Constraint Usage,"","DF_Address_ModifiedDate","getdate()","DF_Address_ModifiedDate","","DF_Address_ModifiedDate","","","DF_Address_ModifiedDate",""
"1075839170::823","DF_AddressType_rowguid",Default Constraint Usage,"","DF_AddressType_rowguid","newid()","DF_AddressType_rowguid","","DF_AddressType_rowguid","","","DF_AddressType_rowguid",""
"1075839170::825","DF_AddressType_ModifiedDate",Default Constraint Usage,"","DF_AddressType_ModifiedDate","getdate()","DF_AddressType_ModifiedDate","","DF_AddressType_ModifiedDate","","","DF_AddressType_ModifiedDate",""
"1075839170::839","DF_BusinessEntity_rowguid",Default Constraint Usage,"","DF_BusinessEntity_rowguid","newid()","DF_BusinessEntity_rowguid","","DF_BusinessEntity_rowguid","","","DF_BusinessEntity_rowguid",""
"1075839170::841","DF_BusinessEntity_ModifiedDate",Default Constraint Usage,"","DF_BusinessEntity_ModifiedDate","getdate()","DF_BusinessEntity_ModifiedDate","","DF_BusinessEntity_ModifiedDate","","","DF_BusinessEntity_ModifiedDate",""
"1075839170::854","DF_BusinessEntityAddress_rowguid",Default Constraint Usage,"","DF_BusinessEntityAddress_rowguid","newid()","DF_BusinessEntityAddress_rowguid","","DF_BusinessEntityAddress_rowguid","","","DF_BusinessEntityAddress_rowguid",""
"1075839170::856","DF_BusinessEntityAddress_ModifiedDate",Default Constraint Usage,"","DF_BusinessEntityAddress_ModifiedDate","getdate()","DF_BusinessEntityAddress_ModifiedDate","","DF_BusinessEntityAddress_ModifiedDate","","","DF_BusinessEntityAddress_ModifiedDate",""
"1075839170::877","DF_BusinessEntityContact_rowguid",Default Constraint Usage,"","DF_BusinessEntityContact_rowguid","newid()","DF_BusinessEntityContact_rowguid","","DF_BusinessEntityContact_rowguid","","","DF_BusinessEntityContact_rowguid",""
"1075839170::879","DF_BusinessEntityContact_ModifiedDate",Default Constraint Usage,"","DF_BusinessEntityContact_ModifiedDate","getdate()","DF_BusinessEntityContact_ModifiedDate","","DF_BusinessEntityContact_ModifiedDate","","","DF_BusinessEntityContact_ModifiedDate",""
"1075839170::898","DF_ContactType_ModifiedDate",Default Constraint Usage,"","DF_ContactType_ModifiedDate","getdate()","DF_ContactType_ModifiedDate","","DF_ContactType_ModifiedDate","","","DF_ContactType_ModifiedDate",""
"1075839170::909","DF_CountryRegion_ModifiedDate",Default Constraint Usage,"","DF_CountryRegion_ModifiedDate","getdate()","DF_CountryRegion_ModifiedDate","","DF_CountryRegion_ModifiedDate","","","DF_CountryRegion_ModifiedDate",""
"1075839170::922","DF_EmailAddress_rowguid",Default Constraint Usage,"","DF_EmailAddress_rowguid","newid()","DF_EmailAddress_rowguid","","DF_EmailAddress_rowguid","","","DF_EmailAddress_rowguid",""
"1075839170::924","DF_EmailAddress_ModifiedDate",Default Constraint Usage,"","DF_EmailAddress_ModifiedDate","getdate()","DF_EmailAddress_ModifiedDate","","DF_EmailAddress_ModifiedDate","","","DF_EmailAddress_ModifiedDate",""
"1075839170::938","DF_Password_rowguid",Default Constraint Usage,"","DF_Password_rowguid","newid()","DF_Password_rowguid","","DF_Password_rowguid","","","DF_Password_rowguid",""
"1075839170::940","DF_Password_ModifiedDate",Default Constraint Usage,"","DF_Password_ModifiedDate","getdate()","DF_Password_ModifiedDate","","DF_Password_ModifiedDate","","","DF_Password_ModifiedDate",""
"1075839170::960","DF_Person_NameStyle",Default Constraint Usage,"","DF_Person_NameStyle","0","DF_Person_NameStyle","","DF_Person_NameStyle","","","DF_Person_NameStyle",""
"1075839170::964","DF_Person_EmailPromotion",Default Constraint Usage,"","DF_Person_EmailPromotion","0","DF_Person_EmailPromotion","","DF_Person_EmailPromotion","","","DF_Person_EmailPromotion",""
"1075839170::966","DF_Person_rowguid",Default Constraint Usage,"","DF_Person_rowguid","newid()","DF_Person_rowguid","","DF_Person_rowguid","","","DF_Person_rowguid",""
"1075839170::968","DF_Person_ModifiedDate",Default Constraint Usage,"","DF_Person_ModifiedDate","getdate()","DF_Person_ModifiedDate","","DF_Person_ModifiedDate","","","DF_Person_ModifiedDate",""
"1075839170::991","DF_PersonPhone_ModifiedDate",Default Constraint Usage,"","DF_PersonPhone_ModifiedDate","getdate()","DF_PersonPhone_ModifiedDate","","DF_PersonPhone_ModifiedDate","","","DF_PersonPhone_ModifiedDate",""
"1075839170::1004","DF_PhoneNumberType_ModifiedDate",Default Constraint Usage,"","DF_PhoneNumberType_ModifiedDate","getdate()","DF_PhoneNumberType_ModifiedDate","","DF_PhoneNumberType_ModifiedDate","","","DF_PhoneNumberType_ModifiedDate",""
"1075839170::1017","DF_StateProvince_IsOnlyStateProvinceFlag",Default Constraint Usage,"","DF_StateProvince_IsOnlyStateProvinceFlag","1","DF_StateProvince_IsOnlyStateProvinceFlag","","DF_StateProvince_IsOnlyStateProvinceFlag","","","DF_StateProvince_IsOnlyStateProvinceFlag",""
"1075839170::1019","DF_StateProvince_rowguid",Default Constraint Usage,"","DF_StateProvince_rowguid","newid()","DF_StateProvince_rowguid","","DF_StateProvince_rowguid","","","DF_StateProvince_rowguid",""
"1075839170::1021","DF_StateProvince_ModifiedDate",Default Constraint Usage,"","DF_StateProvince_ModifiedDate","getdate()","DF_StateProvince_ModifiedDate","","DF_StateProvince_ModifiedDate","","","DF_StateProvince_ModifiedDate",""
"1075839170::1045","DF_BillOfMaterials_StartDate",Default Constraint Usage,"","DF_BillOfMaterials_StartDate","getdate()","DF_BillOfMaterials_StartDate","","DF_BillOfMaterials_StartDate","","","DF_BillOfMaterials_StartDate",""
"1075839170::1049","DF_BillOfMaterials_PerAssemblyQty",Default Constraint Usage,"","DF_BillOfMaterials_PerAssemblyQty","1.00","DF_BillOfMaterials_PerAssemblyQty","","DF_BillOfMaterials_PerAssemblyQty","","","DF_BillOfMaterials_PerAssemblyQty",""
"1075839170::1051","DF_BillOfMaterials_ModifiedDate",Default Constraint Usage,"","DF_BillOfMaterials_ModifiedDate","getdate()","DF_BillOfMaterials_ModifiedDate","","DF_BillOfMaterials_ModifiedDate","","","DF_BillOfMaterials_ModifiedDate",""
"1075839170::1073","DF_Culture_ModifiedDate",Default Constraint Usage,"","DF_Culture_ModifiedDate","getdate()","DF_Culture_ModifiedDate","","DF_Culture_ModifiedDate","","","DF_Culture_ModifiedDate",""
"1075839170::1095","DF_Document_FolderFlag",Default Constraint Usage,"","DF_Document_FolderFlag","0","DF_Document_FolderFlag","","DF_Document_FolderFlag","","","DF_Document_FolderFlag",""
"1075839170::1097","DF_Document_ChangeNumber",Default Constraint Usage,"","DF_Document_ChangeNumber","0","DF_Document_ChangeNumber","","DF_Document_ChangeNumber","","","DF_Document_ChangeNumber",""
"1075839170::1101","DF_Document_rowguid",Default Constraint Usage,"","DF_Document_rowguid","newid()","DF_Document_rowguid","","DF_Document_rowguid","","","DF_Document_rowguid",""
"1075839170::1103","DF_Document_ModifiedDate",Default Constraint Usage,"","DF_Document_ModifiedDate","getdate()","DF_Document_ModifiedDate","","DF_Document_ModifiedDate","","","DF_Document_ModifiedDate",""
"1075839170::1128","DF_Illustration_ModifiedDate",Default Constraint Usage,"","DF_Illustration_ModifiedDate","getdate()","DF_Illustration_ModifiedDate","","DF_Illustration_ModifiedDate","","","DF_Illustration_ModifiedDate",""
"1075839170::1140","DF_Location_CostRate",Default Constraint Usage,"","DF_Location_CostRate","0.00","DF_Location_CostRate","","DF_Location_CostRate","","","DF_Location_CostRate",""
"1075839170::1144","DF_Location_Availability",Default Constraint Usage,"","DF_Location_Availability","0.00","DF_Location_Availability","","DF_Location_Availability","","","DF_Location_Availability",""
"1075839170::1146","DF_Location_ModifiedDate",Default Constraint Usage,"","DF_Location_ModifiedDate","getdate()","DF_Location_ModifiedDate","","DF_Location_ModifiedDate","","","DF_Location_ModifiedDate",""
"1075839170::1179","DF_Product_MakeFlag",Default Constraint Usage,"","DF_Product_MakeFlag","1","DF_Product_MakeFlag","","DF_Product_MakeFlag","","","DF_Product_MakeFlag",""
"1075839170::1181","DF_Product_FinishedGoodsFlag",Default Constraint Usage,"","DF_Product_FinishedGoodsFlag","1","DF_Product_FinishedGoodsFlag","","DF_Product_FinishedGoodsFlag","","","DF_Product_FinishedGoodsFlag",""
"1075839170::1201","DF_Product_rowguid",Default Constraint Usage,"","DF_Product_rowguid","newid()","DF_Product_rowguid","","DF_Product_rowguid","","","DF_Product_rowguid",""
"1075839170::1203","DF_Product_ModifiedDate",Default Constraint Usage,"","DF_Product_ModifiedDate","getdate()","DF_Product_ModifiedDate","","DF_Product_ModifiedDate","","","DF_Product_ModifiedDate",""
"1075839170::1223","DF_ProductCategory_rowguid",Default Constraint Usage,"","DF_ProductCategory_rowguid","newid()","DF_ProductCategory_rowguid","","DF_ProductCategory_rowguid","","","DF_ProductCategory_rowguid",""
"1075839170::1225","DF_ProductCategory_ModifiedDate",Default Constraint Usage,"","DF_ProductCategory_ModifiedDate","getdate()","DF_ProductCategory_ModifiedDate","","DF_ProductCategory_ModifiedDate","","","DF_ProductCategory_ModifiedDate",""
"1075839170::1243","DF_ProductCostHistory_ModifiedDate",Default Constraint Usage,"","DF_ProductCostHistory_ModifiedDate","getdate()","DF_ProductCostHistory_ModifiedDate","","DF_ProductCostHistory_ModifiedDate","","","DF_ProductCostHistory_ModifiedDate",""
"1075839170::1255","DF_ProductDescription_rowguid",Default Constraint Usage,"","DF_ProductDescription_rowguid","newid()","DF_ProductDescription_rowguid","","DF_ProductDescription_rowguid","","","DF_ProductDescription_rowguid",""
"1075839170::1257","DF_ProductDescription_ModifiedDate",Default Constraint Usage,"","DF_ProductDescription_ModifiedDate","getdate()","DF_ProductDescription_ModifiedDate","","DF_ProductDescription_ModifiedDate","","","DF_ProductDescription_ModifiedDate",""
"1075839170::1268","DF_ProductDocument_ModifiedDate",Default Constraint Usage,"","DF_ProductDocument_ModifiedDate","getdate()","DF_ProductDocument_ModifiedDate","","DF_ProductDocument_ModifiedDate","","","DF_ProductDocument_ModifiedDate",""
"1075839170::1285","DF_ProductInventory_Quantity",Default Constraint Usage,"","DF_ProductInventory_Quantity","0","DF_ProductInventory_Quantity","","DF_ProductInventory_Quantity","","","DF_ProductInventory_Quantity",""
"1075839170::1287","DF_ProductInventory_rowguid",Default Constraint Usage,"","DF_ProductInventory_rowguid","newid()","DF_ProductInventory_rowguid","","DF_ProductInventory_rowguid","","","DF_ProductInventory_rowguid",""
"1075839170::1289","DF_ProductInventory_ModifiedDate",Default Constraint Usage,"","DF_ProductInventory_ModifiedDate","getdate()","DF_ProductInventory_ModifiedDate","","DF_ProductInventory_ModifiedDate","","","DF_ProductInventory_ModifiedDate",""
"1075839170::1302","DF_ProductListPriceHistory_ModifiedDate",Default Constraint Usage,"","DF_ProductListPriceHistory_ModifiedDate","getdate()","DF_ProductListPriceHistory_ModifiedDate","","DF_ProductListPriceHistory_ModifiedDate","","","DF_ProductListPriceHistory_ModifiedDate",""
"1075839170::1316","DF_ProductModel_rowguid",Default Constraint Usage,"","DF_ProductModel_rowguid","newid()","DF_ProductModel_rowguid","","DF_ProductModel_rowguid","","","DF_ProductModel_rowguid",""
"1075839170::1318","DF_ProductModel_ModifiedDate",Default Constraint Usage,"","DF_ProductModel_ModifiedDate","getdate()","DF_ProductModel_ModifiedDate","","DF_ProductModel_ModifiedDate","","","DF_ProductModel_ModifiedDate",""
"1075839170::1334","DF_ProductModelIllustration_ModifiedDate",Default Constraint Usage,"","DF_ProductModelIllustration_ModifiedDate","getdate()","DF_ProductModelIllustration_ModifiedDate","","DF_ProductModelIllustration_ModifiedDate","","","DF_ProductModelIllustration_ModifiedDate",""
"1075839170::1344","DF_ProductModelProductDescriptionCulture_ModifiedDate",Default Constraint Usage,"","DF_ProductModelProductDescriptionCulture_ModifiedDate","getdate()","DF_ProductModelProductDescriptionCulture_ModifiedDate","","DF_ProductModelProductDescriptionCulture_ModifiedDate","","","DF_ProductModelProductDescriptionCulture_ModifiedDate",""
"1075839170::1357","DF_ProductPhoto_ModifiedDate",Default Constraint Usage,"","DF_ProductPhoto_ModifiedDate","getdate()","DF_ProductPhoto_ModifiedDate","","DF_ProductPhoto_ModifiedDate","","","DF_ProductPhoto_ModifiedDate",""
"1075839170::1366","DF_ProductProductPhoto_Primary",Default Constraint Usage,"","DF_ProductProductPhoto_Primary","0","DF_ProductProductPhoto_Primary","","DF_ProductProductPhoto_Primary","","","DF_ProductProductPhoto_Primary",""
"1075839170::1368","DF_ProductProductPhoto_ModifiedDate",Default Constraint Usage,"","DF_ProductProductPhoto_ModifiedDate","getdate()","DF_ProductProductPhoto_ModifiedDate","","DF_ProductProductPhoto_ModifiedDate","","","DF_ProductProductPhoto_ModifiedDate",""
"1075839170::1382","DF_ProductReview_ReviewDate",Default Constraint Usage,"","DF_ProductReview_ReviewDate","getdate()","DF_ProductReview_ReviewDate","","DF_ProductReview_ReviewDate","","","DF_ProductReview_ReviewDate",""
"1075839170::1386","DF_ProductReview_ModifiedDate",Default Constraint Usage,"","DF_ProductReview_ModifiedDate","getdate()","DF_ProductReview_ModifiedDate","","DF_ProductReview_ModifiedDate","","","DF_ProductReview_ModifiedDate",""
"1075839170::1402","DF_ProductSubcategory_rowguid",Default Constraint Usage,"","DF_ProductSubcategory_rowguid","newid()","DF_ProductSubcategory_rowguid","","DF_ProductSubcategory_rowguid","","","DF_ProductSubcategory_rowguid",""
"1075839170::1404","DF_ProductSubcategory_ModifiedDate",Default Constraint Usage,"","DF_ProductSubcategory_ModifiedDate","getdate()","DF_ProductSubcategory_ModifiedDate","","DF_ProductSubcategory_ModifiedDate","","","DF_ProductSubcategory_ModifiedDate",""
"1075839170::1418","DF_ScrapReason_ModifiedDate",Default Constraint Usage,"","DF_ScrapReason_ModifiedDate","getdate()","DF_ScrapReason_ModifiedDate","","DF_ScrapReason_ModifiedDate","","","DF_ScrapReason_ModifiedDate",""
"1075839170::1435","DF_TransactionHistory_ReferenceOrderLineID",Default Constraint Usage,"","DF_TransactionHistory_ReferenceOrderLineID","0","DF_TransactionHistory_ReferenceOrderLineID","","DF_TransactionHistory_ReferenceOrderLineID","","","DF_TransactionHistory_ReferenceOrderLineID",""
"1075839170::1437","DF_TransactionHistory_TransactionDate",Default Constraint Usage,"","DF_TransactionHistory_TransactionDate","getdate()","DF_TransactionHistory_TransactionDate","","DF_TransactionHistory_TransactionDate","","","DF_TransactionHistory_TransactionDate",""
"1075839170::1441","DF_TransactionHistory_ModifiedDate",Default Constraint Usage,"","DF_TransactionHistory_ModifiedDate","getdate()","DF_TransactionHistory_ModifiedDate","","DF_TransactionHistory_ModifiedDate","","","DF_TransactionHistory_ModifiedDate",""
"1075839170::1462","DF_TransactionHistoryArchive_ReferenceOrderLineID",Default Constraint Usage,"","DF_TransactionHistoryArchive_ReferenceOrderLineID","0","DF_TransactionHistoryArchive_ReferenceOrderLineID","","DF_TransactionHistoryArchive_ReferenceOrderLineID","","","DF_TransactionHistoryArchive_ReferenceOrderLineID",""
"1075839170::1464","DF_TransactionHistoryArchive_TransactionDate",Default Constraint Usage,"","DF_TransactionHistoryArchive_TransactionDate","getdate()","DF_TransactionHistoryArchive_TransactionDate","","DF_TransactionHistoryArchive_TransactionDate","","","DF_TransactionHistoryArchive_TransactionDate",""
"1075839170::1468","DF_TransactionHistoryArchive_ModifiedDate",Default Constraint Usage,"","DF_TransactionHistoryArchive_ModifiedDate","getdate()","DF_TransactionHistoryArchive_ModifiedDate","","DF_TransactionHistoryArchive_ModifiedDate","","","DF_TransactionHistoryArchive_ModifiedDate",""
"1075839170::1483","DF_UnitMeasure_ModifiedDate",Default Constraint Usage,"","DF_UnitMeasure_ModifiedDate","getdate()","DF_UnitMeasure_ModifiedDate","","DF_UnitMeasure_ModifiedDate","","","DF_UnitMeasure_ModifiedDate",""
"1075839170::1505","DF_WorkOrder_ModifiedDate",Default Constraint Usage,"","DF_WorkOrder_ModifiedDate","getdate()","DF_WorkOrder_ModifiedDate","","DF_WorkOrder_ModifiedDate","","","DF_WorkOrder_ModifiedDate",""
"1075839170::1538","DF_WorkOrderRouting_ModifiedDate",Default Constraint Usage,"","DF_WorkOrderRouting_ModifiedDate","getdate()","DF_WorkOrderRouting_ModifiedDate","","DF_WorkOrderRouting_ModifiedDate","","","DF_WorkOrderRouting_ModifiedDate",""
"1075839170::1575","DF_ProductVendor_ModifiedDate",Default Constraint Usage,"","DF_ProductVendor_ModifiedDate","getdate()","DF_ProductVendor_ModifiedDate","","DF_ProductVendor_ModifiedDate","","","DF_ProductVendor_ModifiedDate",""
"1075839170::1606","DF_PurchaseOrderDetail_ModifiedDate",Default Constraint Usage,"","DF_PurchaseOrderDetail_ModifiedDate","getdate()","DF_PurchaseOrderDetail_ModifiedDate","","DF_PurchaseOrderDetail_ModifiedDate","","","DF_PurchaseOrderDetail_ModifiedDate",""
"1075839170::1630","DF_PurchaseOrderHeader_RevisionNumber",Default Constraint Usage,"","DF_PurchaseOrderHeader_RevisionNumber","0","DF_PurchaseOrderHeader_RevisionNumber","","DF_PurchaseOrderHeader_RevisionNumber","","","DF_PurchaseOrderHeader_RevisionNumber",""
"1075839170::1634","DF_PurchaseOrderHeader_Status",Default Constraint Usage,"","DF_PurchaseOrderHeader_Status","1","DF_PurchaseOrderHeader_Status","","DF_PurchaseOrderHeader_Status","","","DF_PurchaseOrderHeader_Status",""
"1075839170::1636","DF_PurchaseOrderHeader_OrderDate",Default Constraint Usage,"","DF_PurchaseOrderHeader_OrderDate","getdate()","DF_PurchaseOrderHeader_OrderDate","","DF_PurchaseOrderHeader_OrderDate","","","DF_PurchaseOrderHeader_OrderDate",""
"1075839170::1640","DF_PurchaseOrderHeader_SubTotal",Default Constraint Usage,"","DF_PurchaseOrderHeader_SubTotal","0.00","DF_PurchaseOrderHeader_SubTotal","","DF_PurchaseOrderHeader_SubTotal","","","DF_PurchaseOrderHeader_SubTotal",""
"1075839170::1644","DF_PurchaseOrderHeader_TaxAmt",Default Constraint Usage,"","DF_PurchaseOrderHeader_TaxAmt","0.00","DF_PurchaseOrderHeader_TaxAmt","","DF_PurchaseOrderHeader_TaxAmt","","","DF_PurchaseOrderHeader_TaxAmt",""
"1075839170::1648","DF_PurchaseOrderHeader_Freight",Default Constraint Usage,"","DF_PurchaseOrderHeader_Freight","0.00","DF_PurchaseOrderHeader_Freight","","DF_PurchaseOrderHeader_Freight","","","DF_PurchaseOrderHeader_Freight",""
"1075839170::1650","DF_PurchaseOrderHeader_ModifiedDate",Default Constraint Usage,"","DF_PurchaseOrderHeader_ModifiedDate","getdate()","DF_PurchaseOrderHeader_ModifiedDate","","DF_PurchaseOrderHeader_ModifiedDate","","","DF_PurchaseOrderHeader_ModifiedDate",""
"1075839170::1672","DF_ShipMethod_ShipBase",Default Constraint Usage,"","DF_ShipMethod_ShipBase","0.00","DF_ShipMethod_ShipBase","","DF_ShipMethod_ShipBase","","","DF_ShipMethod_ShipBase",""
"1075839170::1676","DF_ShipMethod_ShipRate",Default Constraint Usage,"","DF_ShipMethod_ShipRate","0.00","DF_ShipMethod_ShipRate","","DF_ShipMethod_ShipRate","","","DF_ShipMethod_ShipRate",""
"1075839170::1678","DF_ShipMethod_rowguid",Default Constraint Usage,"","DF_ShipMethod_rowguid","newid()","DF_ShipMethod_rowguid","","DF_ShipMethod_rowguid","","","DF_ShipMethod_rowguid",""
"1075839170::1680","DF_ShipMethod_ModifiedDate",Default Constraint Usage,"","DF_ShipMethod_ModifiedDate","getdate()","DF_ShipMethod_ModifiedDate","","DF_ShipMethod_ModifiedDate","","","DF_ShipMethod_ModifiedDate",""
"1075839170::1701","DF_Vendor_PreferredVendorStatus",Default Constraint Usage,"","DF_Vendor_PreferredVendorStatus","1","DF_Vendor_PreferredVendorStatus","","DF_Vendor_PreferredVendorStatus","","","DF_Vendor_PreferredVendorStatus",""
"1075839170::1703","DF_Vendor_ActiveFlag",Default Constraint Usage,"","DF_Vendor_ActiveFlag","1","DF_Vendor_ActiveFlag","","DF_Vendor_ActiveFlag","","","DF_Vendor_ActiveFlag",""
"1075839170::1705","DF_Vendor_ModifiedDate",Default Constraint Usage,"","DF_Vendor_ModifiedDate","getdate()","DF_Vendor_ModifiedDate","","DF_Vendor_ModifiedDate","","","DF_Vendor_ModifiedDate",""
"1075839170::1717","DF_CountryRegionCurrency_ModifiedDate",Default Constraint Usage,"","DF_CountryRegionCurrency_ModifiedDate","getdate()","DF_CountryRegionCurrency_ModifiedDate","","DF_CountryRegionCurrency_ModifiedDate","","","DF_CountryRegionCurrency_ModifiedDate",""
"1075839170::1732","DF_CreditCard_ModifiedDate",Default Constraint Usage,"","DF_CreditCard_ModifiedDate","getdate()","DF_CreditCard_ModifiedDate","","DF_CreditCard_ModifiedDate","","","DF_CreditCard_ModifiedDate",""
"1075839170::1743","DF_Currency_ModifiedDate",Default Constraint Usage,"","DF_Currency_ModifiedDate","getdate()","DF_Currency_ModifiedDate","","DF_Currency_ModifiedDate","","","DF_Currency_ModifiedDate",""
"1075839170::1758","DF_CurrencyRate_ModifiedDate",Default Constraint Usage,"","DF_CurrencyRate_ModifiedDate","getdate()","DF_CurrencyRate_ModifiedDate","","DF_CurrencyRate_ModifiedDate","","","DF_CurrencyRate_ModifiedDate",""
"1075839170::1775","DF_Customer_rowguid",Default Constraint Usage,"","DF_Customer_rowguid","newid()","DF_Customer_rowguid","","DF_Customer_rowguid","","","DF_Customer_rowguid",""
"1075839170::1777","DF_Customer_ModifiedDate",Default Constraint Usage,"","DF_Customer_ModifiedDate","getdate()","DF_Customer_ModifiedDate","","DF_Customer_ModifiedDate","","","DF_Customer_ModifiedDate",""
"1075839170::1794","DF_PersonCreditCard_ModifiedDate",Default Constraint Usage,"","DF_PersonCreditCard_ModifiedDate","getdate()","DF_PersonCreditCard_ModifiedDate","","DF_PersonCreditCard_ModifiedDate","","","DF_PersonCreditCard_ModifiedDate",""
"1075839170::1817","DF_SalesOrderDetail_UnitPriceDiscount",Default Constraint Usage,"","DF_SalesOrderDetail_UnitPriceDiscount","0.0","DF_SalesOrderDetail_UnitPriceDiscount","","DF_SalesOrderDetail_UnitPriceDiscount","","","DF_SalesOrderDetail_UnitPriceDiscount",""
"1075839170::1819","DF_SalesOrderDetail_rowguid",Default Constraint Usage,"","DF_SalesOrderDetail_rowguid","newid()","DF_SalesOrderDetail_rowguid","","DF_SalesOrderDetail_rowguid","","","DF_SalesOrderDetail_rowguid",""
"1075839170::1821","DF_SalesOrderDetail_ModifiedDate",Default Constraint Usage,"","DF_SalesOrderDetail_ModifiedDate","getdate()","DF_SalesOrderDetail_ModifiedDate","","DF_SalesOrderDetail_ModifiedDate","","","DF_SalesOrderDetail_ModifiedDate",""
"1075839170::1860","DF_SalesOrderHeader_RevisionNumber",Default Constraint Usage,"","DF_SalesOrderHeader_RevisionNumber","0","DF_SalesOrderHeader_RevisionNumber","","DF_SalesOrderHeader_RevisionNumber","","","DF_SalesOrderHeader_RevisionNumber",""
"1075839170::1862","DF_SalesOrderHeader_OrderDate",Default Constraint Usage,"","DF_SalesOrderHeader_OrderDate","getdate()","DF_SalesOrderHeader_OrderDate","","DF_SalesOrderHeader_OrderDate","","","DF_SalesOrderHeader_OrderDate",""
"1075839170::1866","DF_SalesOrderHeader_Status",Default Constraint Usage,"","DF_SalesOrderHeader_Status","1","DF_SalesOrderHeader_Status","","DF_SalesOrderHeader_Status","","","DF_SalesOrderHeader_Status",""
"1075839170::1868","DF_SalesOrderHeader_OnlineOrderFlag",Default Constraint Usage,"","DF_SalesOrderHeader_OnlineOrderFlag","1","DF_SalesOrderHeader_OnlineOrderFlag","","DF_SalesOrderHeader_OnlineOrderFlag","","","DF_SalesOrderHeader_OnlineOrderFlag",""
"1075839170::1872","DF_SalesOrderHeader_SubTotal",Default Constraint Usage,"","DF_SalesOrderHeader_SubTotal","0.00","DF_SalesOrderHeader_SubTotal","","DF_SalesOrderHeader_SubTotal","","","DF_SalesOrderHeader_SubTotal",""
"1075839170::1876","DF_SalesOrderHeader_TaxAmt",Default Constraint Usage,"","DF_SalesOrderHeader_TaxAmt","0.00","DF_SalesOrderHeader_TaxAmt","","DF_SalesOrderHeader_TaxAmt","","","DF_SalesOrderHeader_TaxAmt",""
"1075839170::1880","DF_SalesOrderHeader_Freight",Default Constraint Usage,"","DF_SalesOrderHeader_Freight","0.00","DF_SalesOrderHeader_Freight","","DF_SalesOrderHeader_Freight","","","DF_SalesOrderHeader_Freight",""
"1075839170::1882","DF_SalesOrderHeader_rowguid",Default Constraint Usage,"","DF_SalesOrderHeader_rowguid","newid()","DF_SalesOrderHeader_rowguid","","DF_SalesOrderHeader_rowguid","","","DF_SalesOrderHeader_rowguid",""
"1075839170::1884","DF_SalesOrderHeader_ModifiedDate",Default Constraint Usage,"","DF_SalesOrderHeader_ModifiedDate","getdate()","DF_SalesOrderHeader_ModifiedDate","","DF_SalesOrderHeader_ModifiedDate","","","DF_SalesOrderHeader_ModifiedDate",""
"1075839170::1909","DF_SalesOrderHeaderSalesReason_ModifiedDate",Default Constraint Usage,"","DF_SalesOrderHeaderSalesReason_ModifiedDate","getdate()","DF_SalesOrderHeaderSalesReason_ModifiedDate","","DF_SalesOrderHeaderSalesReason_ModifiedDate","","","DF_SalesOrderHeaderSalesReason_ModifiedDate",""
"1075839170::1928","DF_SalesPerson_Bonus",Default Constraint Usage,"","DF_SalesPerson_Bonus","0.00","DF_SalesPerson_Bonus","","DF_SalesPerson_Bonus","","","DF_SalesPerson_Bonus",""
"1075839170::1932","DF_SalesPerson_CommissionPct",Default Constraint Usage,"","DF_SalesPerson_CommissionPct","0.00","DF_SalesPerson_CommissionPct","","DF_SalesPerson_CommissionPct","","","DF_SalesPerson_CommissionPct",""
"1075839170::1936","DF_SalesPerson_SalesYTD",Default Constraint Usage,"","DF_SalesPerson_SalesYTD","0.00","DF_SalesPerson_SalesYTD","","DF_SalesPerson_SalesYTD","","","DF_SalesPerson_SalesYTD",""
"1075839170::1940","DF_SalesPerson_SalesLastYear",Default Constraint Usage,"","DF_SalesPerson_SalesLastYear","0.00","DF_SalesPerson_SalesLastYear","","DF_SalesPerson_SalesLastYear","","","DF_SalesPerson_SalesLastYear",""
"1075839170::1942","DF_SalesPerson_rowguid",Default Constraint Usage,"","DF_SalesPerson_rowguid","newid()","DF_SalesPerson_rowguid","","DF_SalesPerson_rowguid","","","DF_SalesPerson_rowguid",""
"1075839170::1944","DF_SalesPerson_ModifiedDate",Default Constraint Usage,"","DF_SalesPerson_ModifiedDate","getdate()","DF_SalesPerson_ModifiedDate","","DF_SalesPerson_ModifiedDate","","","DF_SalesPerson_ModifiedDate",""
"1075839170::1959","DF_SalesPersonQuotaHistory_rowguid",Default Constraint Usage,"","DF_SalesPersonQuotaHistory_rowguid","newid()","DF_SalesPersonQuotaHistory_rowguid","","DF_SalesPersonQuotaHistory_rowguid","","","DF_SalesPersonQuotaHistory_rowguid",""
"1075839170::1961","DF_SalesPersonQuotaHistory_ModifiedDate",Default Constraint Usage,"","DF_SalesPersonQuotaHistory_ModifiedDate","getdate()","DF_SalesPersonQuotaHistory_ModifiedDate","","DF_SalesPersonQuotaHistory_ModifiedDate","","","DF_SalesPersonQuotaHistory_ModifiedDate",""
"1075839170::1974","DF_SalesReason_ModifiedDate",Default Constraint Usage,"","DF_SalesReason_ModifiedDate","getdate()","DF_SalesReason_ModifiedDate","","DF_SalesReason_ModifiedDate","","","DF_SalesReason_ModifiedDate",""
"1075839170::1988","DF_SalesTaxRate_TaxRate",Default Constraint Usage,"","DF_SalesTaxRate_TaxRate","0.00","DF_SalesTaxRate_TaxRate","","DF_SalesTaxRate_TaxRate","","","DF_SalesTaxRate_TaxRate",""
"1075839170::1990","DF_SalesTaxRate_rowguid",Default Constraint Usage,"","DF_SalesTaxRate_rowguid","newid()","DF_SalesTaxRate_rowguid","","DF_SalesTaxRate_rowguid","","","DF_SalesTaxRate_rowguid",""
"1075839170::1992","DF_SalesTaxRate_ModifiedDate",Default Constraint Usage,"","DF_SalesTaxRate_ModifiedDate","getdate()","DF_SalesTaxRate_ModifiedDate","","DF_SalesTaxRate_ModifiedDate","","","DF_SalesTaxRate_ModifiedDate",""
"1075839170::2016","DF_SalesTerritory_SalesYTD",Default Constraint Usage,"","DF_SalesTerritory_SalesYTD","0.00","DF_SalesTerritory_SalesYTD","","DF_SalesTerritory_SalesYTD","","","DF_SalesTerritory_SalesYTD",""
"1075839170::2020","DF_SalesTerritory_SalesLastYear",Default Constraint Usage,"","DF_SalesTerritory_SalesLastYear","0.00","DF_SalesTerritory_SalesLastYear","","DF_SalesTerritory_SalesLastYear","","","DF_SalesTerritory_SalesLastYear",""
"1075839170::2024","DF_SalesTerritory_CostYTD",Default Constraint Usage,"","DF_SalesTerritory_CostYTD","0.00","DF_SalesTerritory_CostYTD","","DF_SalesTerritory_CostYTD","","","DF_SalesTerritory_CostYTD",""
"1075839170::2028","DF_SalesTerritory_CostLastYear",Default Constraint Usage,"","DF_SalesTerritory_CostLastYear","0.00","DF_SalesTerritory_CostLastYear","","DF_SalesTerritory_CostLastYear","","","DF_SalesTerritory_CostLastYear",""
"1075839170::2030","DF_SalesTerritory_rowguid",Default Constraint Usage,"","DF_SalesTerritory_rowguid","newid()","DF_SalesTerritory_rowguid","","DF_SalesTerritory_rowguid","","","DF_SalesTerritory_rowguid",""
"1075839170::2032","DF_SalesTerritory_ModifiedDate",Default Constraint Usage,"","DF_SalesTerritory_ModifiedDate","getdate()","DF_SalesTerritory_ModifiedDate","","DF_SalesTerritory_ModifiedDate","","","DF_SalesTerritory_ModifiedDate",""
"1075839170::2049","DF_SalesTerritoryHistory_rowguid",Default Constraint Usage,"","DF_SalesTerritoryHistory_rowguid","newid()","DF_SalesTerritoryHistory_rowguid","","DF_SalesTerritoryHistory_rowguid","","","DF_SalesTerritoryHistory_rowguid",""
"1075839170::2051","DF_SalesTerritoryHistory_ModifiedDate",Default Constraint Usage,"","DF_SalesTerritoryHistory_ModifiedDate","getdate()","DF_SalesTerritoryHistory_ModifiedDate","","DF_SalesTerritoryHistory_ModifiedDate","","","DF_SalesTerritoryHistory_ModifiedDate",""
"1075839170::2071","DF_ShoppingCartItem_Quantity",Default Constraint Usage,"","DF_ShoppingCartItem_Quantity","1","DF_ShoppingCartItem_Quantity","","DF_ShoppingCartItem_Quantity","","","DF_ShoppingCartItem_Quantity",""
"1075839170::2073","DF_ShoppingCartItem_DateCreated",Default Constraint Usage,"","DF_ShoppingCartItem_DateCreated","getdate()","DF_ShoppingCartItem_DateCreated","","DF_ShoppingCartItem_DateCreated","","","DF_ShoppingCartItem_DateCreated",""
"1075839170::2075","DF_ShoppingCartItem_ModifiedDate",Default Constraint Usage,"","DF_ShoppingCartItem_ModifiedDate","getdate()","DF_ShoppingCartItem_ModifiedDate","","DF_ShoppingCartItem_ModifiedDate","","","DF_ShoppingCartItem_ModifiedDate",""
"1075839170::2097","DF_SpecialOffer_DiscountPct",Default Constraint Usage,"","DF_SpecialOffer_DiscountPct","0.00","DF_SpecialOffer_DiscountPct","","DF_SpecialOffer_DiscountPct","","","DF_SpecialOffer_DiscountPct",""
"1075839170::2101","DF_SpecialOffer_MinQty",Default Constraint Usage,"","DF_SpecialOffer_MinQty","0","DF_SpecialOffer_MinQty","","DF_SpecialOffer_MinQty","","","DF_SpecialOffer_MinQty",""
"1075839170::2105","DF_SpecialOffer_rowguid",Default Constraint Usage,"","DF_SpecialOffer_rowguid","newid()","DF_SpecialOffer_rowguid","","DF_SpecialOffer_rowguid","","","DF_SpecialOffer_rowguid",""
"1075839170::2107","DF_SpecialOffer_ModifiedDate",Default Constraint Usage,"","DF_SpecialOffer_ModifiedDate","getdate()","DF_SpecialOffer_ModifiedDate","","DF_SpecialOffer_ModifiedDate","","","DF_SpecialOffer_ModifiedDate",""
"1075839170::2121","DF_SpecialOfferProduct_rowguid",Default Constraint Usage,"","DF_SpecialOfferProduct_rowguid","newid()","DF_SpecialOfferProduct_rowguid","","DF_SpecialOfferProduct_rowguid","","","DF_SpecialOfferProduct_rowguid",""
"1075839170::2123","DF_SpecialOfferProduct_ModifiedDate",Default Constraint Usage,"","DF_SpecialOfferProduct_ModifiedDate","getdate()","DF_SpecialOfferProduct_ModifiedDate","","DF_SpecialOfferProduct_ModifiedDate","","","DF_SpecialOfferProduct_ModifiedDate",""
"1075839170::2141","DF_Store_rowguid",Default Constraint Usage,"","DF_Store_rowguid","newid()","DF_Store_rowguid","","DF_Store_rowguid","","","DF_Store_rowguid",""
"1075839170::2143","DF_Store_ModifiedDate",Default Constraint Usage,"","DF_Store_ModifiedDate","getdate()","DF_Store_ModifiedDate","","DF_Store_ModifiedDate","","","DF_Store_ModifiedDate",""
